{
  "ext/pages/Calculate.view.xml": 1720601381968,
  "ext/main/Main.controller.js": 1720601379916,
  "manifest.json": 1720781788893,
  "Component.js": 1720601374688,
  "ext/main/Main-dbg.controller.js": 1720601379916,
  "ext/main/Main.controller.js.map": 1720781790469,
  "Component-dbg.js": 1720601374688,
  "Component.js.map": 1720781790454,
  "Component-preload.js": 1720781798367,
  "Component-preload.js.map": 1720781798367,
  "ext/main/Main.view.xml": 1720681595590,
  "i18n/i18n.properties": 1720601898252,
  "ext/fragment/CalculatePopup.fragment.xml": 1720601377844,
  "index.html": 1720601374688
}