{
  "i18n/i18n.properties": 1720601898252,
  "ext/main/Main.controller.js": 1720601379916,
  "manifest.json": 1720609790209,
  "Component.js": 1720601374688,
  "Component-dbg.js": 1720601374688,
  "Component.js.map": 1720609790418,
  "ext/main/Main-dbg.controller.js": 1720601379916,
  "ext/main/Main.controller.js.map": 1720609790430,
  "Component-preload.js": 1720609790710,
  "Component-preload.js.map": 1720609790711,
  "ext/pages/Calculate.view.xml": 1720601381968,
  "ext/fragment/CalculatePopup.fragment.xml": 1720601377844,
  "ext/main/Main.view.xml": 1720601379916,
  "index.html": 1720601374688
}