<mvc:View
    xmlns:table="sap.ui.table"
    xmlns:core="sap.ui.core"
    xmlns:mvc="sap.ui.core.mvc"
    xmlns="sap.m"
    xmlns:f="sap.ui.layout.form"
    controllerName="manager.ext.main.Main"
>
    <VBox>
        <Table
            id="idCalculationTable"
            items="{path: '/InsentiveRanFor', sorter: {path: 'createdAt'}}"
        >
            <columns>
                <Column>
                    <Label text="Scheme Name" />
                </Column>
                <!-- <Column>
                    <Label text="SKU Name" />
                </Column>
                <Column>
                    <Label text="Region" />
                </Column>
                <Column>
                    <Label text="Employee Code" />
                </Column> -->
                <Column>
                    <Label text="Minimum Sales" />
                </Column>
                <Column>
                    <Label text="Incentive Percentage" />
                </Column>
                <Column>
                    <Label text="From Date" />
                </Column>
                <Column>
                    <Label text="To Date" />
                </Column>
                <Column>
                    <Label text="" />
                </Column>
            </columns>
            <ColumnListItem>
                <cells>
                    <Label text="{path: 'schemename'}" />
                    <!-- <Label text="{path: 'skuid', formatter: '._onFormatSKU'}" />
                    <Label
                        text="{path: 'regioncode', formatter: '._onFormatRegion'}"
                    />
                    <Label
                        text="{path: 'empcode', formatter: '._onFormatOrg'}"
                    /> -->
                    <Label text="{minsales}" />
                    <Label text="{percentile}" />
                    <Label text="{from_date}" />
                    <Label text="{to_date}" />
                    <Button
                        type="Emphasized"
                        press="onCalculationRun"
                        text="Run"
                        icon="sap-icon://media-play"
                    />
                </cells>
            </ColumnListItem>
        </Table>
    </VBox>
</mvc:View>
