{
  "Component.js.map": 1720609785056,
  "Component.js": 1720601342100,
  "manifest.json": 1720609784831,
  "ext/main/Main.controller.js": 1720601347300,
  "Component-dbg.js": 1720601342100,
  "i18n/i18n.properties": 1720601832677,
  "ext/main/Main-dbg.controller.js": 1720601347300,
  "ext/main/Main.controller.js.map": 1720609785079,
  "Component-preload.js": 1720609785322,
  "Component-preload.js.map": 1720609785322,
  "ext/main/Main.view.xml": 1720601347300,
  "ext/pages/Incentive.view.xml": 1720601349340,
  "ext/pages/Calculate.view.xml": 1720601349340,
  "ext/fragments/AddMoreIncentive.fragment.xml": 1720601345256,
  "index.html": 1720601342100
}