{
  "ext/fragments/AddMoreIncentive.fragment.xml": 1720601345256,
  "ext/main/Main.controller.js": 1720601347300,
  "manifest.json": 1720781781493,
  "Component.js": 1720601342100,
  "Component-dbg.js": 1720601342100,
  "Component.js.map": 1720781783716,
  "ext/main/Main-dbg.controller.js": 1720601347300,
  "ext/main/Main.controller.js.map": 1720781783744,
  "Component-preload.js": 1720781784057,
  "Component-preload.js.map": 1720781784057,
  "ext/pages/Incentive.view.xml": 1720601349340,
  "ext/pages/Calculate.view.xml": 1720601349340,
  "ext/main/Main.view.xml": 1720601347300,
  "i18n/i18n.properties": 1720601832677,
  "index.html": 1720601342100
}