{
  "index.html": 1720601342100,
  "Component.js": 1720601342100,
  "manifest.json": 1721113865287,
  "ext/main/Main.controller.js": 1720601347300,
  "Component-dbg.js": 1720601342100,
  "Component.js.map": 1721113865505,
  "ext/main/Main-dbg.controller.js": 1720601347300,
  "ext/main/Main.controller.js.map": 1721113865529,
  "Component-preload.js": 1721113865828,
  "Component-preload.js.map": 1721113865828,
  "ext/pages/Incentive.view.xml": 1720601349340,
  "ext/pages/Calculate.view.xml": 1720601349340,
  "ext/main/Main.view.xml": 1720601347300,
  "ext/fragments/AddMoreIncentive.fragment.xml": 1720601345256,
  "i18n/i18n.properties": 1720601832677
}