{
  "ext/main/Main.controller.js": 1721026059033,
  "manifest.json": 1721113871446,
  "i18n/i18n.properties": 1720601898252,
  "Component.js": 1720601374688,
  "ext/main/Main-dbg.controller.js": 1721026059033,
  "ext/main/Main.controller.js.map": 1721113871813,
  "Component-dbg.js": 1720601374688,
  "Component.js.map": 1721113871774,
  "Component-preload.js": 1721113872234,
  "Component-preload.js.map": 1721113872234,
  "ext/main/Main.view.xml": 1720681595590,
  "ext/pages/Calculate.view.xml": 1720601381968,
  "ext/fragment/CalculatePopup.fragment.xml": 1720601377844,
  "index.html": 1720601374688
}