<mvc:View
    xmlns:table="sap.ui.table"
    xmlns:core="sap.ui.core"
    xmlns:mvc="sap.ui.core.mvc"
    xmlns="sap.m"
    xmlns:macros="sap.fe.macros"
    xmlns:html="http://www.w3.org/1999/xhtml"
    controllerName="adminconsole.ext.main.Main"
>
    <Table
        id="idIncentiveTable"
        items="{path: '/Insentive', sorter: {path: 'createdAt'}}"
    >
        <headerToolbar>
            <OverflowToolbar>
                <Title text="Incentive" />
                <content>
                    <ToolbarSpacer />
                    <Button
                        press="onPressIncentiveAddMoreOpen"
                        text="Add More"
                        icon="sap-icon://add"
                        type="Emphasized"
                    />
                </content>
            </OverflowToolbar>
        </headerToolbar>
        <columns>
            <Column>
                <Label text="Scheme Name" />
            </Column>
            <Column>
                <Label text="SKU Name" />
            </Column>
            <Column>
                <Label text="Region" />
            </Column>
            <Column>
                <Label text="Employee Code" />
            </Column>
            <Column>
                <Label text="Minimum Sales" />
            </Column>
            <Column>
                <Label text="Incentive Percentage" />
            </Column>
        </columns>
        <ColumnListItem
            press="onIncentiveTablePress"
            type="Active"
        >
            <cells>
                <Label text="{schemename}" />
                <Label text="{path: 'skuid', formatter: '._onFormatSKU'}" />
                <Label
                    text="{path: 'regioncode', formatter: '._onFormatRegion'}"
                />
                <Label text="{path: 'empcode', formatter: '._onFormatOrg'}" />
                <Label text="{minsales}" />
                <Label text="{percentile}" />
            </cells>
        </ColumnListItem>
    </Table>
</mvc:View>
